[
    {
        "id": 1,
        "descripcion": "Mortadela",
        "precio": 2.75,
        "stock": 600
    },
    {
        "id": 2,
        "descripcion": "Pesi",
        "precio": 1.4,
        "stock": "400"
    },
    {
        "id": 3,
        "descripcion": "Queso",
        "precio": 9.0,
        "stock": 1000
    },
    {
        "id": 4,
        "descripcion": "Pollo",
        "precio": 1.9,
        "stock": 80
    },
    {
        "id": 5,
        "descripcion": "Chocolate",
        "precio": 9.99,
        "stock": "100"
    }
]